branch,avg_rating
C,7.06391
A,7.01829
B,6.78906
